1,pre_start
2,/949231a21e6b407ca36ef54c34168452/4555126bb263441a99fa8eea3771801c/1
3,/949231a21e6b407ca36ef54c34168452/4555126bb263441a99fa8eea3771801c/2
4,/949231a21e6b407ca36ef54c34168452/4555126bb263441a99fa8eea3771801c/3
5,/949231a21e6b407ca36ef54c34168452/4555126bb263441a99fa8eea3771801c/4
6,/949231a21e6b407ca36ef54c34168452/4555126bb263441a99fa8eea3771801c/5
7,/949231a21e6b407ca36ef54c34168452/4555126bb263441a99fa8eea3771801c/6
8,/949231a21e6b407ca36ef54c34168452/d99d1ecac19d4839b275565104ddd2f9/1
9,/9678d011194941d58db2390f583c5f81/38510976e5ee489eacc01e3107697029/1
10,/669e9115be17498a9fa0cc5cee0cb78f/3ca3d5812aef405a8aaa1f296d4985aa/1
